"ID","Comment"
1,"I feel confident when making decisions, especially when I have all the necessary information."
2,"The decision-making process empowers me to take control and shape my future."
3,"I enjoy analyzing options and finding the most logical solution."
4,"Making decisions helps me grow and develop critical thinking skills."
5,"I love the sense of accomplishment that comes with making the right decision."
6,"I find the process exciting, especially when it leads to successful outcomes."
7,"Decision-making brings out my problem-solving abilities, which I’m proud of."
8,"I feel energized and focused when navigating through choices."
9,"I trust my instincts and usually feel positive about the decisions I make."
10,"The process makes me feel empowered and responsible for my own success."
11,"I enjoy strategic thinking and mapping out different possibilities."
12,"Making decisions helps me feel productive and purposeful."
13,"I like the challenge of weighing pros and cons to make informed choices."
14,"I feel a sense of growth every time I face complex decision-making situations."
15,"I’m confident in my ability to make decisions under pressure."
16,"Problem-solving through decision-making brings me a sense of satisfaction."
17,"I appreciate how the process teaches me patience and perseverance."
18,"I enjoy collaborating with others during group decision-making sessions."
19,"Decision-making often leads me to discover new strengths within myself."
20,"I feel a strong sense of clarity and direction after making a decision."
21,"I often feel overwhelmed by too many options, leading to decision fatigue."
22,"The fear of making the wrong choice sometimes paralyzes me."
23,"Decision-making makes me anxious, especially when outcomes are uncertain."
24,"I tend to overthink and second-guess my decisions, which can be stressful."
25,"The pressure to make the ‘perfect’ choice often leaves me feeling frustrated."
26,"I dislike decision-making when it involves complex or high-stakes situations."
27,"The process can feel draining and time-consuming, especially with deadlines."
28,"I sometimes regret my decisions, leading to feelings of disappointment."
29,"I struggle with indecisiveness, which makes the process frustrating."
30,"I often feel stuck, fearing the consequences of a wrong decision."
31,"I see decision-making as a necessary part of life, neither good nor bad."
32,"The process depends on the situation—sometimes it’s simple, other times complex."
33,"I don’t have strong feelings about decision-making; I just try to be logical."
34,"It’s a process that requires focus, but I don’t find it particularly enjoyable or frustrating."
35,"Some decisions are easy, while others require more thought—I approach them case by case."
